"관리번호",공원명,공원구분,소재지도로명주소,소재지지번주소,위도,경도,공원면적,공원보유시설(운동시설),공원보유시설(유희시설),공원보유시설(편익시설),공원보유시설(교양시설),공원보유시설(기타시설),지정고시일,관리기관명,전화번호,데이터기준일자
41281-00001,벽제,어린이공원,경기도 고양시 덕양구 고양동 1131,경기도 고양시 덕양구 고양동 1131,37.7149340445,126.9031087459,2039,,조합놀이대 등,,,,1998-09-18,경기도 고양시 덕양구청,031-8075-5265,2019-04-27
41281-00002,수변공원(고양2일단),수변공원,경기도 고양시 덕양구 고양동 1-5,경기도 고양시 덕양구 고양동 1-5,37.70743661,126.9033373,2516,,,,,,2013-02-26,경기도 고양시 푸른도시사업소,031-8075-4320,2019-04-27
41281-00003,고양,근린공원,경기도 고양시 덕양구 고양동 30,경기도 고양시 덕양구 고양동 30,37.7053095184,126.9003604552,33344,다목적운동장+실내배드민턴장+체력단련시설,,,,,1977-01-27,경기도 고양시 푸른도시사업소,031-8075-4320,2019-04-27
41281-00004,고양제1,어린이공원,경기도 고양시 덕양구 고양동 328,경기도 고양시 덕양구 고양동 328,37.70462893,126.8968093,2234,,그네 등,,,,1988-04-06,경기도 고양시 덕양구청,031-8075-5265,2019-04-27
41281-00005,소공원338,소공원,경기도 고양시 덕양구 동헌로 473,경기도 고양시 덕양구 고양동 527,37.7071807055,126.9044233811,800,,,,,,2015-07-21,경기도 고양시 덕양구청,031-8075-5265,2019-04-27
41281-00006,소공원337,소공원,경기도 고양시 덕양구 고양동 557,경기도 고양시 덕양구 고양동 557,37.70885253,126.9050251,408,,,,,,2012-02-26,경기도 고양시 덕양구청,031-8075-5265,2019-04-27
41281-00007,벽제2,어린이공원,경기도 고양시 덕양구 고양동 729,경기도 고양시 덕양구 고양동 729,37.7112675465,126.9035549104,2461,,조합놀이대 등,,,,2001-04-09,경기도 고양시 덕양구청,031-8075-5265,2019-04-27
41281-00008,어린이공원2(도담)(원흥보금자리),어린이공원,경기도 고양시 덕양구 도내동 1038,경기도 고양시 덕양구 도내동 1038,37.6299122417,126.8718459,2633,,조합놀이대 등,,,,2010-12-21,경기도 고양시 덕양구청,031-8075-5265,2019-04-27
41287-00001,가좌,근린공원,경기도 고양시 일산서구 송산로 387-7,경기도 고양시 일산서구 가좌동 1098,37.6861974108,126.7216817417,50155,게이트볼장+실내배드민턴장+체력단련시설,조합놀이대 등 4종 6개,,,,2001-06-22,경기도 고양시 푸른도시사업소,031-8075-4320,2019-04-27
41287-00047,강선,근린공원,경기도 고양시 일산서구 강성로 124,경기도 고양시 일산서구 주엽동 78,37.6711710099,126.7620627599,34384,다목적운동장+체력단련시설,,,,,1991-06-29,경기도 고양시 푸른도시사업소,031-8075-4320,2019-04-27
41285-00005,강촌,근린공원,경기도 고양시 일산동구 강석로 132-1,경기도 고양시 일산동구 마두동 791,37.6533323978,126.7810761142,38777,다목적운동장+체력단련시설,,화장실,작은도서관,,1990-03-31,경기도 고양시 푸른도시사업소,031-8075-4320,2019-04-27
41281-00009,원흥근린2(도래울의장대),근린공원,경기도 고양시 덕양구 도내동 1078,경기도 고양시 덕양구 도내동 1078,37.6294196816,126.8705242137,13068,,,,,,2009-09-28,경기도 고양시 푸른도시사업소,031-8075-4320,2019-04-27
41281-00010,원흥근린3(도래울의장대),근린공원,경기도 고양시 덕양구 의장로 45-1,경기도 고양시 덕양구 도내동 1101,37.6278473687,126.8735353652,29305,,,주차장+화장실,,,2009-09-28,경기도 고양시 푸른도시사업소,031-8075-4320,2019-04-27
41287-00018,고양생태,근린공원,경기도 고양시 일산서구 대화로 315,경기도 고양시 일산서구 대화동 2330,37.6839489582,126.7441279371,56712,,,,생태교육학습센터,,2013-03-15,경기도 고양시 푸른도시사업소,031-8075-4320,2019-04-27
41281-00011,원흥지구수변공원(도래울바람물),수변공원,경기도 고양시 덕양구 도내동 980,경기도 고양시 덕양구 도내동 980,37.6292007593,126.8750425441,77416,,,,,,2009-09-28,경기도 고양시 푸른도시사업소,031-8075-4320,2019-04-27
41287-00019,고양피크닉시민공원,근린공원,경기도 고양시 일산서구 대화로 355,경기도 고양시 일산서구 대화동 2337,37.6853605403,126.7486216166,18125,게이트볼장+족구장+체력단련시설,조합놀이대 등 2종 3개,,,피크닉장,2013-03-15,경기도 고양시 푸른도시사업소,031-8075-4320,2019-04-27
41281-00012,원흥근린1(도래울석탄)(원흥보금자리),근린공원,경기도 고양시 덕양구 도래울1로 29,경기도 고양시 덕양구 도내동 996,37.6297314006,126.8662456282,125068,체력단련시설,,화장실,,,2009-09-28,경기도 고양시 푸른도시사업소,031-8075-4320,2019-04-27
41281-00013,삼송어린이3(동산),어린이공원,경기도 고양시 덕양구 동산동 349,경기도 고양시 덕양구 동산동 349,37.6433313439,126.8847049937,2026,,조합놀이대 등,,,,2006-12-11,경기도 고양시 덕양구청,031-8075-5265,2019-04-27
41281-00014,삼송근린4(동산꽃맞이/밥할머니),근린공원,경기도 고양시 덕양구 동산동 363,경기도 고양시 덕양구 동산동 363,37.6453969892,126.8882474230,151741,풋살장+인라인스케이트장+게이트볼장+농구장+다목적운동장+배드민턴장+파크골프장+체력단련시설,,,,,2006-12-11,경기도 고양시 푸른도시사업소,031-8075-4320,2019-04-27
41287-00023,국제전시2단계(제1호문화공원),문화공원,경기도 고양시 일산서구 대화동 2718,경기도 고양시 일산서구 대화동 2718,37.6668142693,126.7433150917,7524,,,,,,2009-07-03,경기도 고양시 푸른도시사업소,031-8075-4320,2019-04-27
41287-00022,국제전시2단계(제1호체육공원),체육공원,경기도 고양시 일산서구 대화동 2708,경기도 고양시 일산서구 대화동 2708,37.6639895552,126.7363858228,25374,풋살구장+농구장+체력단련시설,,,,,2007-07-13,경기도 고양시 푸른도시사업소,031-8075-4320,2019-04-27
41281-00015,공원(벽제목암지구),어린이공원,경기도 고양시 덕양구 벽제동 377,경기도 고양시 덕양구 벽제동 377,37.71435169,126.9090894,1516,,,,,,2014-12-09,경기도 고양시 덕양구청,031-8075-5265,2019-04-27
41287-00002,국제전시장,근린공원,경기도 고양시 일산서구 한류월드로 280,경기도 고양시 일산서구 대화동 1050-176,37.6650109160,126.7562749221,52346,체력단련시설,,,,,2003-04-21,경기도 고양시 푸른도시사업소,031-8075-4320,2019-04-27
41281-00016,공원(벽제목암지구),근린공원,경기도 고양시 덕양구 호국로1873번길 57-10,경기도 고양시 덕양구 벽제동 78-3,37.7191112785,126.9111906813,25164,,,,,,2014-12-09,경기도 고양시 푸른도시사업소,031-8075-4320,2019-04-27
41281-00017,삼송소공원2,소공원,,경기도 고양시 덕양구 삼송동 303-11,37.65332905,126.888338,1329,,,,,,2007-11-16,경기도 고양시 덕양구청,031-8075-5265,2019-04-27
41281-00018,삼송소공원1,소공원,경기도 고양시 덕양구 삼송동 315-3,경기도 고양시 덕양구 삼송동 315-3,37.6514423584,126.8895082,703,,,,,,2007-11-16,경기도 고양시 덕양구청,031-8075-5265,2019-04-27
41281-00019,삼송근린3(세솔),근린공원,경기도 고양시 덕양구 덕수천1로 73,경기도 고양시 덕양구 삼송동 321,37.6488627072,126.8848538918,88918,게이트볼장+체력단련시설,,,,,2006-12-11,경기도 고양시 푸른도시사업소,031-8075-4320,2019-04-27
41281-00020,삼송근린1(송현),근린공원,,경기도 고양시 덕양구 삼송동 334,37.64871399,126.8774217,28536,체력단련시설,,,,,2006-12-11,경기도 고양시 푸른도시사업소,031-8075-4320,2019-04-27
41281-00021,삼송근린2(덕수),근린공원,경기도 고양시 덕양구 덕수천1로 26,경기도 고양시 덕양구 삼송동 339,37.6467677856,126.8801932158,213476,농구장+야외배드민턴장+인라인스케이트장+실내배드민턴장+체력단련시설,,,,,2006-12-11,경기도 고양시 푸른도시사업소,031-8075-4320,2019-04-27
41281-00022,삼송어린이2(달걀부리),어린이공원,경기도 고양시 덕양구 삼원로3길 70,경기도 고양시 덕양구 삼송동 369,37.6419596938,126.8762715410,2159,,조합놀이대 등,,,,2006-12-11,경기도 고양시 덕양구청,031-8075-5265,2019-04-27
41285-00034,낙민,근린공원,경기도 고양시 일산동구 장항동 873,경기도 고양시 일산동구 장항동 873,37.65071295,126.7745288248,19630,체력단련시설,,화장실,,,1990-03-31,경기도 고양시 푸른도시사업소,031-8075-4320,2019-04-27
41287-00017,농업체험,근린공원,경기도 고양시 일산서구 대수길 31-5,경기도 고양시 일산서구 대화동 2316,37.6747327543,126.7387386,29812,체력단련시설,,,,,2013-03-15,경기도 고양시 푸른도시사업소,031-8075-4320,2019-04-27
41281-00023,성라,근린공원,경기도 고양시 덕양구 고양대로1432번길 114,경기도 고양시 덕양구 성사동 267,37.6492107459,126.8456416913,571838,체력단련시설,,,,,1971-09-27,경기도 고양시 푸른도시사업소,031-8075-4320,2019-04-27
41285-00069,달맞이,근린공원,경기도 고양시 일산동구 풍동 1228,경기도 고양시 일산동구 풍동 1228,37.6747713262,126.8026065264,37676,체력단련시설,,,,,2001-05-03,경기도 고양시 푸른도시사업소,031-8075-4320,2019-04-27
41281-00024,성사 1(어울림),어린이공원,경기도 고양시 덕양구 호국로 746,경기도 고양시 덕양구 성사동 728,37.6535149766,126.8332304,1500,,조합놀이대 등,화장실,,,1990-02-01,경기도 고양시 덕양구청,031-8075-5265,2019-04-27
41287-00011,대화,근린공원,경기도 고양시 일산서구 강성로 203,경기도 고양시 일산서구 대화동 2201,37.6742656,126.7538960967,45798,체력단련시설,,,,,2001-10-19,경기도 고양시 푸른도시사업소,031-8075-4320,2019-04-27
41287-00027,덕이근린1(덕이),근린공원,경기도 고양시 일산서구 덕이동 1533,경기도 고양시 일산서구 덕이동 1533,37.70303666,126.7545455,45701,풋살구장+농구장+족구장+실내배드민턴장+체력단련시설,조합놀이대 등 2종 4개,,,,2006-01-31,경기도 고양시 푸른도시사업소,031-8075-4320,2019-04-27
41287-00028,덕이근린2(한산),근린공원,경기도 고양시 일산서구 하이파크3로 51,경기도 고양시 일산서구 덕이동 1613,37.6959094726,126.7521780816,18852,체력단련시설,,,,,2006-01-31,경기도 고양시 푸른도시사업소,031-8075-4320,2019-04-27
41281-00025,성사 2(별모래),어린이공원,경기도 고양시 덕양구 고양대로1384번길 46,경기도 고양시 덕양구 성사동 729,37.6521540562,126.8367921183,1500,,조합놀이대 등,화장실,,,1990-02-01,경기도 고양시 덕양구청,031-8075-5265,2019-04-27
41281-00026,성사 3(성라어린이),어린이공원,경기도 고양시 덕양구 호국로716번길 13-14,경기도 고양시 덕양구 성사동 735,37.65152384,126.8332572,1500,,조합놀이대 등,화장실,,,1990-02-01,경기도 고양시 덕양구청,031-8075-5265,2019-04-27
41281-00027,원당2,소공원,경기도 고양시 덕양구 성사동 863,경기도 고양시 덕양구 성사동 863,37.6606482273,126.8412200036,748,,,,,,2006-01-16,경기도 고양시 덕양구청,031-8075-5265,2019-04-27
41281-00028,원당1,어린이공원,경기도 고양시 덕양구 성사동 865,경기도 고양시 덕양구 성사동 865,37.6586858356,126.8417294,4406,,조합놀이대 등,,,,2006-01-16,경기도 고양시 덕양구청,031-8075-5265,2019-04-27
41281-00029,자전거,체육공원,경기도 고양시 덕양구 성사동 산32-7,경기도 고양시 덕양구 성사동 산32-7,37.6624384636,126.8449287,114222,체력단련시설,,,,,1991-09-27,경기도 고양시 푸른도시사업소,031-8075-4320,2019-04-27
41287-00029,덕이동,역사공원,경기도 고양시 일산서구 경의로 849,경기도 고양시 일산서구 덕이동 265,37.6932890589,126.7589489214,17019,,,,,,2008-10-31,경기도 고양시 푸른도시사업소,031-8075-4320,2019-04-27
41281-00030,삼송근린5(송강이야기),근린공원,경기도 고양시 덕양구 신원동 596,경기도 고양시 덕양구 신원동 596,37.6667961998,126.8813217197,38825,체력단련시설,,,,,2006-12-11,경기도 고양시 푸른도시사업소,031-8075-4320,2019-04-27
41281-00031,삼송근린6(조관),근린공원,경기도 고양시 덕양구 신원2로 24,경기도 고양시 덕양구 신원동 607,37.6663828522,126.8863592087,14983,체력단련시설,,,,,2006-12-11,경기도 고양시 푸른도시사업소,031-8075-4320,2019-04-27
41281-00032,삼송근린7(신원),근린공원,경기도 고양시 덕양구 신원동 610,경기도 고양시 덕양구 신원동 610,37.66771024,126.8901407,16343,멀티코트+체력단련시설,,,,,2006-12-11,경기도 고양시 푸른도시사업소,031-8075-4320,2019-04-27
41281-00033,삼송어린이1(한우물),어린이공원,경기도 고양시 덕양구 신원동 646,경기도 고양시 덕양구 신원동 646,37.6615339739,126.8882021749,1690,,조합놀이대 등,,,,2006-12-11,경기도 고양시 덕양구청,031-8075-5265,2019-04-27
41287-00016,레포츠,체육공원,경기도 고양시 일산서구 대화동 2314,경기도 고양시 일산서구 대화동 2314,37.6700714031,126.7370170502,45798,축구장+게이트볼장+농구장+인라인스케이트장+테니스장+실내배드민턴장+체력단련시설,조합놀이대 등 5종 6개,,,,2002-12-31,경기도 고양시 푸른도시사업소,031-8075-4320,2019-04-27
41281-00034,삼송근린8(한우물숲길),근린공원,경기도 고양시 덕양구 신원동 665,경기도 고양시 덕양구 신원동 665,37.65932929,126.8881134,151305,,,,,,2006-12-11,경기도 고양시 푸른도시사업소,031-8075-4320,2019-04-27
41281-00035,삼송근린9(오금),근린공원,경기도 고양시 덕양구 오금동 625,경기도 고양시 덕양구 오금동 625,37.65974077,126.9048063,41982,,,,,,2006-12-11,경기도 고양시 푸른도시사업소,031-8075-4320,2019-04-27
41281-00036,삼송근린10(소청),근린공원,경기도 고양시 덕양구 오금동 669,경기도 고양시 덕양구 오금동 669,37.65963708,126.9103053672,13913,,,,,,2006-12-11,경기도 고양시 푸른도시사업소,031-8075-4320,2019-04-27
41281-00037,삼송근린11(오금상촌),근린공원,경기도 고양시 덕양구 오금로 240,경기도 고양시 덕양구 오금동 679,37.6630724204,126.9188102324,12531,,,,,,2006-12-11,경기도 고양시 푸른도시사업소,031-8075-4320,2019-04-27
41281-00038,삼송근린12(당고개),근린공원,경기도 고양시 덕양구 오금동 산107-1,경기도 고양시 덕양구 오금동 산107-1,37.66216438,126.9048144,12328,,,,,,2009-06-04,경기도 고양시 푸른도시사업소,031-8075-4320,2019-04-27
41281-00039,원흥지구 소공원,소공원,경기도 고양시 덕양구 원흥동 294-2,경기도 고양시 덕양구 원흥동 294-2,37.6372474,126.8716742,2681,,,,,,2009-09-28,경기도 고양시 덕양구청,031-8075-5265,2019-04-27
41281-00040,삼송소공원5,소공원,경기도 고양시 덕양구 원흥동 609,경기도 고양시 덕양구 원흥동 609,37.65140979,126.8710904344,788,,,,,,2011-10-10,경기도 고양시 덕양구청,031-8075-5265,2019-04-27
41281-00041,삼송소공원3,소공원,경기도 고양시 덕양구 원흥동 622-3,경기도 고양시 덕양구 원흥동 622-3,37.64860604,126.8693653,2347,,,,,,2010-12-08,경기도 고양시 덕양구청,031-8075-5265,2019-04-27
41281-00042,어린이공원1(고운)(원흥보금자리),어린이공원,경기도 고양시 덕양구 원흥동 740,경기도 고양시 덕양구 원흥동 740,37.6362392796,126.8740666,2037,,조합놀이대 등,,,,2009-09-28,경기도 고양시 덕양구청,031-8075-5265,2019-04-27
41285-00003,마두,근린공원,경기도 고양시 일산동구 마두동 780,경기도 고양시 일산동구 마두동 780,37.6550131111,126.7852816927,43142,체력단련시설,,화장실,,,1990-03-31,경기도 고양시 푸른도시사업소,031-8075-4320,2019-04-27
41281-00043,배다리,어린이공원,경기도 고양시 덕양구 마상로 51,경기도 고양시 덕양구 주교동 296,37.6625337474,126.8294252484,4514,풋살구장,조합놀이대 등,화장실,,,2013-03-15,경기도 고양시 덕양구청,031-8075-5265,2019-04-27
41281-00044,마상,근린공원,경기도 고양시 덕양구 원당로69번길 46,경기도 고양시 덕양구 주교동 313-16,37.6601494858,126.8330165277,110612,국궁장+다목적운동장+농구장+실내배드민턴장+게이트볼장+체력단련시설,,,,,1971-09-27,경기도 고양시 푸른도시사업소,031-8075-4320,2019-04-27
41285-00065,모당,근린공원,경기도 고양시 일산동구 중산동 1832,경기도 고양시 일산동구 중산동 1832,37.67785245,126.7804635,17238,,,,,,2015-06-30,경기도 고양시 푸른도시사업소,031-8075-4320,2019-04-27
41281-00045,주교 1,어린이공원,경기도 고양시 덕양구 주교동 610,경기도 고양시 덕양구 주교동 610,37.65635454,126.8343115,1500,,,,,,1981-05-13,경기도 고양시 덕양구청,031-8075-5265,2019-04-27
41281-00046,주교 3,어린이공원,경기도 고양시 덕양구 마상로140번길 38,경기도 고양시 덕양구 주교동 619-3,37.65805134,126.8366476491,1500,,조합놀이대 등,,,,1981-05-13,경기도 고양시 덕양구청,031-8075-5265,2019-04-27
41281-00047,주교 2,어린이공원,경기도 고양시 덕양구 호국로790번길 42-9,경기도 고양시 덕양구 성사동 705,37.6549634052,126.8381639907,1500,,조합놀이대 등,,,,1981-05-13,경기도 고양시 덕양구청,031-8075-5265,2019-04-27
41281-00048,주공1,어린이공원,경기도 고양시 덕양구 주교동 873,경기도 고양시 덕양구 주교동 873,37.66043424,126.8210426,1943,,조합놀이대 등,,,,2006-05-29,경기도 고양시 덕양구청,031-8075-5265,2019-04-27
41287-00046,문화,근린공원,경기도 고양시 일산서구 주엽동 77,경기도 고양시 일산서구 주엽동 77,37.6753756666,126.7648512,40373,체력단련시설,,,,,1995-03-27,경기도 고양시 푸른도시사업소,031-8075-4320,2019-04-27
41281-00049,지도,근린공원,경기도 고양시 덕양구 토당동 3-39,경기도 고양시 덕양구 토당동 3-39,37.6239793876,126.8266860169,173813,야외배드민턴장+축구장+테니스장+농구장+게이트볼장+실내배드민턴장+체력단련시설,,,,,1971-09-27,경기도 고양시 푸른도시사업소,031-8075-4320,2019-04-27
41281-00050,토당 1,어린이공원,경기도 고양시 덕양구 호수로 26-66,경기도 고양시 덕양구 토당동 830,37.6301805855,126.8123612458,1500,,조합놀이대 등,화장실,,,1986-12-31,경기도 고양시 덕양구청,031-8075-5265,2019-04-27
41281-00051,토당 2,어린이공원,경기도 고양시 덕양구 지도로104번길 14-16,경기도 고양시 덕양구 토당동 847,37.6261421168,126.8250995740,1500,,조합놀이대 등,,,,1986-12-31,경기도 고양시 덕양구청,031-8075-5265,2019-04-27
41281-00052,토당 3,어린이공원,경기도 고양시 덕양구 토당동 862-3,경기도 고양시 덕양구 토당동 862-3,37.6191244519,126.8233415516,1500,,조합놀이대 등,,,,1986-12-31,경기도 고양시 덕양구청,031-8075-5265,2019-04-27
41285-00017,문화공원(요진Y-City),문화공원,경기도 고양시 일산동구 백석동 1237-1,경기도 고양시 일산동구 백석동 1237-1,37.6433655862,126.7920515329,5742,,,,,,2010-02-02,경기도 고양시 푸른도시사업소,031-8075-4320,2019-04-27
41281-00053,토당 4,어린이공원,경기도 고양시 덕양구 토당동 874-2,경기도 고양시 덕양구 토당동 874-2,37.6207861468,126.8260049538,1500,,조합놀이대 등,,,,1986-12-31,경기도 고양시 덕양구청,031-8075-5265,2019-04-27
41281-00054,토당 5,어린이공원,경기도 고양시 덕양구 지도로26번길 22,경기도 고양시 덕양구 토당동 884-6,37.6189244650,126.8258096914,1498,,조합놀이대 등,,,,1986-12-31,경기도 고양시 덕양구청,031-8075-5265,2019-04-27
41281-00055,토당 6,어린이공원,경기도 고양시 덕양구 토당동 885-6,경기도 고양시 덕양구 토당동 885-6,37.6185016014,126.8263220726,1500,,조합놀이대 등,,,,1986-12-31,경기도 고양시 덕양구청,031-8075-5265,2019-04-27
41281-00056,밤나무공원,어린이공원,경기도 고양시 덕양구 행신동 1068-1,경기도 고양시 덕양구 행신동 1068-1,37.6209096937,126.8525053605,6726,,조합놀이대 등,,,,2003-10-31,경기도 고양시 덕양구청,031-8075-5265,2019-04-27
41287-00020,문화공원1,문화공원,경기도 고양시 일산서구 대화동 2600-1,경기도 고양시 일산서구 대화동 2600-1,37.6685758444,126.7416035,8587,,,,,,2009-06-26,경기도 고양시 푸른도시사업소,031-8075-4320,2019-04-27
41281-00057,햇살공원,어린이공원,경기도 고양시 덕양구 행신로 278,경기도 고양시 덕양구 행신동 1074-1,37.61977212,126.8450411768,1570,,조합놀이대 등,화장실,,,2003-10-31,경기도 고양시 덕양구청,031-8075-5265,2019-04-27
41281-00058,서정나루공원,어린이공원,경기도 고양시 덕양구 행신동 1088-1,경기도 고양시 덕양구 행신동 1088-1,37.61471947,126.8465358,1512,,조합놀이대 등,,,,2003-10-31,경기도 고양시 덕양구청,031-8075-5265,2019-04-27
41287-00021,문화공원2,문화공원,경기도 고양시 일산서구 대화동 2600-2,경기도 고양시 일산서구 대화동 2600-2,37.6674254198,126.7442697906,21264,,,,,,2009-06-26,경기도 고양시 푸른도시사업소,031-8075-4320,2019-04-27
41281-00059,행신나루,근린공원,"경기도 고양시 덕양구 행신동 1089,1089-1","경기도 고양시 덕양구 행신동 1089,1089-1",37.6149045192,126.8476129532,11139,,,,,,2003-11-12,경기도 고양시 푸른도시사업소,031-8075-4320,2019-04-27
41281-00060,서두물,근린공원,경기도 고양시 덕양구 행신동 1092-1,경기도 고양시 덕양구 행신동 1092-1,37.6180654726,126.8511698044,16811,,,,,,2003-11-12,경기도 고양시 푸른도시사업소,031-8075-4320,2019-04-27
41281-00061,서정어린이공원,어린이공원,경기도 고양시 덕양구 행신동 1096-1,경기도 고양시 덕양구 행신동 1096-1,37.6149544199,126.8488531590,1508,,조합놀이대 등,,,,2003-10-31,경기도 고양시 덕양구청,031-8075-5265,2019-04-27
41281-00062,서두나루,근린공원,경기도 고양시 덕양구 행신동 1098-1,경기도 고양시 덕양구 행신동 1098-1,37.6146962366,126.8482893506,11615,,,,,,2003-11-12,경기도 고양시 푸른도시사업소,031-8075-4320,2019-04-27
41285-00001,백마,근린공원,경기도 고양시 일산동구 마두동 725,경기도 고양시 일산동구 마두동 725,37.6570203128,126.7913258,20490,체력단련시설,,화장실,,,1990-03-31,경기도 고양시 푸른도시사업소,031-8075-4320,2019-04-27
41281-00063,서두마루공원,어린이공원,경기도 고양시 덕양구 서정로 38,경기도 고양시 덕양구 행신동 1101-1,37.6183351930,126.8536524630,1533,,조합놀이대 등,화장실,,,2003-10-31,경기도 고양시 덕양구청,031-8075-5265,2019-04-27
41281-00064,작은봉화공원,어린이공원,경기도 고양시 덕양구 소원로 260,경기도 고양시 덕양구 행신동 1110,37.6141226158,126.8511236474,6698,,조합놀이대 등,화장실,,,2003-10-31,경기도 고양시 덕양구청,031-8075-5265,2019-04-27
41285-00016,백석,근린공원,경기도 고양시 일산동구 백석동 1233,경기도 고양시 일산동구 백석동 1233,37.64546187,126.7953500928,157982,축구장+실내배드민턴장+체력단련시설,,주차장+화장실,,,1990-03-31,경기도 고양시 푸른도시사업소,031-8075-4320,2019-04-27
41281-00065,주택재개발(195호),어린이공원,경기도 고양시 덕양구 행신동 633-98,경기도 고양시 덕양구 행신동 633-98,37.62080644,126.8310396076,764,,조합놀이대 등,,,,2006-01-23,경기도 고양시 덕양구청,031-8075-5265,2019-04-27
41281-00066,행신 1(번데미),어린이공원,경기도 고양시 덕양구 소원로 11,경기도 고양시 덕양구 행신동 694,37.61724568,126.8298322948,1514,,조합놀이대 등,화장실,,,1990-12-08,경기도 고양시 덕양구청,031-8075-5265,2019-04-27
41281-00067,번데미,근린공원,경기도 고양시 덕양구 행신동 698,경기도 고양시 덕양구 행신동 698,37.6162998891,126.8299046443,14950,야외배드민턴장+체력단련시설,,,,,1990-12-08,경기도 고양시 푸른도시사업소,031-8075-4320,2019-04-27
41281-00068,행신 2(장고뫼),어린이공원,경기도 고양시 덕양구 소원로 45,경기도 고양시 덕양구 행신동 701,37.6139405747,126.8310223000,1500,,조합놀이대 등,화장실,,,1990-12-08,경기도 고양시 덕양구청,031-8075-5265,2019-04-27
41281-00069,행신 3(무원),어린이공원,경기도 고양시 덕양구 무원로 56,경기도 고양시 덕양구 행신동 734,37.6179434436,126.8327666285,1486,,조합놀이대 등,화장실,,,1990-12-08,경기도 고양시 덕양구청,031-8075-5265,2019-04-27
41281-00070,행신 4(용마루),어린이공원,경기도 고양시 덕양구 용현로 37,경기도 고양시 덕양구 행신동 755,37.6160194041,126.8356659904,1689,,조합놀이대 등,화장실,,,1990-12-08,경기도 고양시 덕양구청,031-8075-5265,2019-04-27
41281-00071,행신 6(용현),어린이공원,경기도 고양시 덕양구 용현로 16,경기도 고양시 덕양구 행신동 768,37.6142344410,126.8375410113,1501,,조합놀이대 등,화장실,,,1990-12-08,경기도 고양시 덕양구청,031-8075-5265,2019-04-27
41281-00072,차장,근린공원,경기도 고양시 덕양구 행신동 772,경기도 고양시 덕양구 행신동 772,37.6161852328,126.8365228455,13786,다목적운동장+체력단련시설,,,,,1990-12-08,경기도 고양시 푸른도시사업소,031-8075-4320,2019-04-27
41281-00073,행신 5(행신),어린이공원,경기도 고양시 덕양구 행신로 196,경기도 고양시 덕양구 행신동 775,37.6182266551,126.8368436539,1851,,조합놀이대 등,화장실,,,1990-12-08,경기도 고양시 덕양구청,031-8075-5265,2019-04-27
41281-00074,행신 7(소만),어린이공원,경기도 고양시 덕양구 화신로 42,경기도 고양시 덕양구 행신동 782,37.6165268621,126.8404084434,1501,,조합놀이대 등,화장실,,,1990-12-08,경기도 고양시 덕양구청,031-8075-5265,2019-04-27
41281-00075,행신 8(화신),어린이공원,경기도 고양시 덕양구 화신로 16,경기도 고양시 덕양구 행신동 786,37.61405336,126.8402054027,1500,,조합놀이대 등,화장실,,,1990-12-08,경기도 고양시 덕양구청,031-8075-5265,2019-04-27
41281-00076,행신 9(행복),어린이공원,경기도 고양시 덕양구 소만로 42,경기도 고양시 덕양구 행신동 792,37.61677906,126.8438132,1500,,조합놀이대 등,화장실,,,1990-12-08,경기도 고양시 덕양구청,031-8075-5265,2019-04-27
41281-00077,가라뫼,근린공원,경기도 고양시 덕양구 행신동 800,경기도 고양시 덕양구 행신동 800,37.61471614,126.8442297867,10682,다목적운동장+체력단련시설,,,,,1990-12-08,경기도 고양시 푸른도시사업소,031-8075-4320,2019-04-27
41281-00078,밤나무(능곡),어린이공원,경기도 고양시 덕양구 행신동 898,경기도 고양시 덕양구 행신동 898,37.6280431054,126.8385337418,1500,,조합놀이대 등,,,,1992-12-28,경기도 고양시 덕양구청,031-8075-5265,2019-04-27
41281-00079,자작나무,어린이공원,경기도 고양시 덕양구 행신동 906,경기도 고양시 덕양구 행신동 906,37.6262006138,126.8433310573,1500,,조합놀이대 등,,,,1992-12-28,경기도 고양시 덕양구청,031-8075-5265,2019-04-27
41281-00080,가라산,근린공원,경기도 고양시 덕양구 화신로 148,경기도 고양시 덕양구 행신동 924,37.6251820725,126.8419939697,42290,야외배드민턴장+체력단련시설,,,,,1992-12-28,경기도 고양시 푸른도시사업소,031-8075-4320,2019-04-27
41281-00081,참나무(능곡),어린이공원,경기도 고양시 덕양구 충장로152번길 39,경기도 고양시 덕양구 행신동 934,37.6248313279,126.8384740209,1500,,조합놀이대 등,,,,1992-12-28,경기도 고양시 덕양구청,031-8075-5265,2019-04-27
41281-00082,단풍나무,어린이공원,경기도 고양시 덕양구 화신로 105,경기도 고양시 덕양구 행신동 953,37.6227013592,126.8384469125,1500,,조합놀이대 등,,,,1992-12-28,경기도 고양시 덕양구청,031-8075-5265,2019-04-27
41281-00083,벚나무(능곡),어린이공원,경기도 고양시 덕양구 행신로279번길 84,경기도 고양시 덕양구 행신동 970,37.62219264,126.8427752016,1500,,조합놀이대 등,화장실,,,1992-12-28,경기도 고양시 덕양구청,031-8075-5265,2019-04-27
41281-00084,살구나무,어린이공원,경기도 고양시 덕양구 행신동 975,경기도 고양시 덕양구 행신동 975,37.61891704,126.8392334437,1500,,조합놀이대 등,,,,1992-12-28,경기도 고양시 덕양구청,031-8075-5265,2019-04-27
41281-00085,행신,근린공원,경기도 고양시 덕양구 행신동 978,경기도 고양시 덕양구 행신동 978,37.61919277,126.8366268,20395,농구장+체력단련시설,,,,,1992-12-28,경기도 고양시 푸른도시사업소,031-8075-4320,2019-04-27
41285-00018,간이,어린이공원,경기도 고양시 일산동구 백석로72번길 31-12,경기도 고양시 일산동구 백석동 1269,37.6461588228,126.7880045876,3341,체력단련시설,조합놀이대+그네+흔들놀이기구(시소+흔들말),화장실,,,1990-03-31,경기도 고양시 일산동구청,031-8075-6263,2019-04-27
41281-00086,회화나무,어린이공원,경기도 고양시 덕양구 충장로 118-30,경기도 고양시 덕양구 행신동 983,37.6202760198,126.8359194114,1500,,조합놀이대 등,,,,1992-12-28,경기도 고양시 덕양구청,031-8075-5265,2019-04-27
41285-00061,개나리(일산2-4),어린이공원,경기도 고양시 일산동구 소개울2길 43,경기도 고양시 일산동구 중산동 1736,37.68382499,126.7901511725,1885,체력단련시설+운동장,조합놀이대+흔들놀이기구(흔들말),화장실,,,2002-01-05,경기도 고양시 일산동구청,031-8075-6263,2019-04-27
41285-00012,검바골,어린이공원,경기도 고양시 일산동구 강송로74번길 53-7,경기도 고양시 일산동구 백석동 1156,37.6486330475,126.7911069026,3595,체력단련시설+운동장(농구대),조합놀이대+그네+흔들놀이기구(시소),화장실,,,1990-03-31,경기도 고양시 일산동구청,031-8075-6263,2019-04-27
41281-00087,느티나무(능곡),어린이공원,경기도 고양시 덕양구 충장로123번길 26,경기도 고양시 덕양구 행신동 1002,37.6253985737,126.8317576019,1500,,그네,,,,1992-12-28,경기도 고양시 덕양구청,031-8075-5265,2019-04-27
41285-00007,냉천,어린이공원,경기도 고양시 일산동구 일산로330번길 26-11,경기도 고양시 일산동구 마두동 837,37.6648700989,126.7858478092,4939,체력단련시설,조합놀이대+그네+흔들놀이기구(흔들말+시소),화장실,,,1990-03-31,경기도 고양시 일산동구청,031-8075-6263,2019-04-27
41285-00073,느티나무(풍동),어린이공원,경기도 고양시 일산동구 풍동 1259,경기도 고양시 일산동구 풍동 1259,37.6702825326,126.7984263892,5103,,조합놀이대+흔들놀이기구(흔들말)+회전놀이기구,,,,2000-10-18,경기도 고양시 일산동구청,031-8075-6263,2019-04-27
41285-00009,능안,어린이공원,경기도 고양시 일산동구 마두동 958,경기도 고양시 일산동구 마두동 958,37.6599012333,126.7833743160,4335,체력단련시설,조합놀이대+그네+흔들놀이기구(흔들말+시소),화장실,,,1990-03-31,경기도 고양시 일산동구청,031-8075-6263,2019-04-27
41285-00044,닥밭,어린이공원,경기도 고양시 일산동구 무궁화로93번길 32,경기도 고양시 일산동구 정발산동 698,37.6674940006,126.7725147,5793,체력단련시설+운동장(농구대),조합놀이대+그네+흔들놀이기구(흔들말+시소),화장실,,,1991-06-29,경기도 고양시 일산동구청,031-8075-6263,2019-04-27
41281-00088,서정,근린공원,"경기도 고양시 덕양구 행신동1071,1071-1","경기도 고양시 덕양구 행신동 1071,1071-1",37.6196809556,126.8516403262,30203,다목적운동장+게이트볼장+인라인스케이트장+체력단련시설,,,,,2003-11-12,경기도 고양시 푸른도시사업소,031-8075-4320,2019-04-27
41285-00040,두루미,어린이공원,경기도 고양시 일산동구 일산로441번길 52-2,경기도 고양시 일산동구 정발산동 1159,37.6714292698,126.7761670883,4362,체력단련시설,조합놀이대+그네+흔들놀이기구(흔들말+시소)+회전놀이기구,화장실,,,1991-06-29,경기도 고양시 일산동구청,031-8075-6263,2019-04-27
41281-00089,행주산성,역사공원,경기도 고양시 덕양구 행주외동 500,경기도 고양시 덕양구 행주외동 500,37.60285689,126.8108984796,689348,,,,,,1971-09-27,경기도 고양시 행주산성관리사업소,031-8075-4640,2019-04-27
41285-00004,말머리,어린이공원,경기도 고양시 일산동구 마두동 790,경기도 고양시 일산동구 마두동 790,37.6530005643,126.7818489176,4000,,조합놀이대+그네+흔들놀이기구(시소)+회전놀이기구,화장실,,,1990-03-31,경기도 고양시 일산동구청,031-8075-6263,2019-04-27
41285-00039,매봉재,어린이공원,경기도 고양시 일산동구 산두로261번길 23,경기도 고양시 일산동구 정발산동 1123,37.67520793,126.7778151081,3063,체력단련시설,조합놀이대+그네+흔들놀이기구(흔들말),화장실,,,1991-06-29,경기도 고양시 일산동구청,031-8075-6263,2019-04-27
41281-00090,은행나무,어린이공원,경기도 고양시 덕양구 화신로 233,경기도 고양시 덕양구 화정동 1127,37.6286549446,126.8357423953,1500,,조합놀이대 등,,,,1992-12-28,경기도 고양시 덕양구청,031-8075-5265,2019-04-27
41285-00002,모범,어린이공원,경기도 고양시 일산동구 마두동 756,경기도 고양시 일산동구 마두동 756,37.6554708452,126.7858488552,4000,,조합놀이대+그네+흔들놀이기구(시소),화장실,,,1990-03-31,경기도 고양시 일산동구청,031-8075-6263,2019-04-27
41285-00071,목련,어린이공원,경기도 고양시 일산동구 숲속마을2로 146,경기도 고양시 일산동구 풍동 1248,37.6728159999,126.7976815095,1623,체력단련시설,조합놀이대,화장실,,,2000-10-18,경기도 고양시 일산동구청,031-8075-6263,2019-04-27
41281-00091,백양,근린공원,경기도 고양시 덕양구 성신로 55,경기도 고양시 덕양구 화정동 1131,37.62780403,126.8348017566,10663,농구장+체력단련시설,,,,,1992-12-28,경기도 고양시 푸른도시사업소,031-8075-4320,2019-04-27
41285-00042,밤가시,어린이공원,경기도 고양시 일산동구 정발산동 1299,경기도 고양시 일산동구 정발산동 1299,37.6690665105,126.7828805688,23274,"체력단련시설+운동장(축구골대,농구대)",조합놀이대+흔들놀이기구(흔들말+시소)+회전놀이기구+그네,화장실,,,1990-03-31,경기도 고양시 일산동구청,031-8075-6263,2019-04-27
41285-00015,방기,어린이공원,경기도 고양시 일산동구 강송로113번길 36-14,경기도 고양시 일산동구 백석동 1206,37.6485172431,126.7848250858,3167,체력단련시설,조합놀이대+그네+흔들놀이기구(흔들말),화장실,,,1990-03-31,경기도 고양시 일산동구청,031-8075-6263,2019-04-27
41281-00092,소나무(능곡),어린이공원,경기도 고양시 덕양구 백양로 8,경기도 고양시 덕양구 화정동 1135,37.6265249437,126.8331234966,1500,,조합놀이대 등,,,,1992-12-28,경기도 고양시 덕양구청,031-8075-5265,2019-04-27
41281-00093,화수,근린공원,경기도 고양시 덕양구 화정동 852,경기도 고양시 덕양구 화정동 852,37.6444779547,126.8378964,15267,농구장+체력단련시설,,,,,1991-12-31,경기도 고양시 푸른도시사업소,031-8075-4320,2019-04-27
41285-00013,백송,어린이공원,경기도 고양시 일산동구 백석동 1189,경기도 고양시 일산동구 백석동 1189,37.6510045147,126.7892352,5753,체력단련시설,조합놀이대+그네+흔들놀이기구(흔들말+시소)+회전놀이기구,화장실,,,1990-03-31,경기도 고양시 일산동구청,031-8075-6263,2019-04-27
41285-00075,벚나무(풍동),어린이공원,경기도 고양시 일산동구 풍동 1269,경기도 고양시 일산동구 풍동 1269,37.66782817,126.797268,2021,체력단련시설,조합놀이대+그네,화장실,,,2000-10-18,경기도 고양시 일산동구청,031-8075-6263,2019-04-27
41285-00035,부촌,어린이공원,경기도 고양시 일산동구 장항동 879,경기도 고양시 일산동구 장항동 879,37.6470912143,126.7773241271,3604,체력단련시설,조합놀이대+그네+흔들놀이기구(흔들말+시소),화장실,,,1990-03-31,경기도 고양시 일산동구청,031-8075-6263,2019-04-27
41285-00041,사재,어린이공원,경기도 고양시 일산동구 산두로175번길 30,경기도 고양시 일산동구 정발산동 1241,37.6726075251,126.7818174891,5127,체력단련시설+운동장(농구대),조합놀이대+그네+흔들놀이기구(흔들말+시소),화장실,,,1991-06-29,경기도 고양시 일산동구청,031-8075-6263,2019-04-27
41285-00070,산수유,어린이공원,경기도 고양시 일산동구 풍동 1240-3,경기도 고양시 일산동구 풍동 1240-3,37.6734088544,126.8016509,1501,체력단련시설,조합놀이대,,,,2000-10-18,경기도 고양시 일산동구청,031-8075-6263,2019-04-27
41285-00008,설촌,어린이공원,경기도 고양시 일산동구 일산로286번길 46,경기도 고양시 일산동구 마두동 874,37.6620352223,126.7886258552,5316,체력단련시설,조합놀이대+그네+흔들놀이기구(흔들말+시소),,,,1990-03-31,경기도 고양시 일산동구청,031-8075-6263,2019-04-27
41281-00094,화정 11(화수어린이),어린이공원,경기도 고양시 덕양구 화정동 853,경기도 고양시 덕양구 화정동 853,37.6448459241,126.8373176,3995,,조합놀이대 등,,,,1990-11-04,경기도 고양시 덕양구청,031-8075-5265,2019-04-27
41285-00063,성아(일산2-2),근린공원,경기도 고양시 일산동구 중산동 1798,경기도 고양시 일산동구 중산동 1798,37.67821107,126.7893678721,13329,축구장+체력단련시설,,,,,2002-01-05,경기도 고양시 푸른도시사업소,031-8075-4320,2019-04-27
41285-00067,소공원(약산마을),소공원,경기도 고양시 일산동구 약산길 13,경기도 고양시 일산동구 중산동 25-130,37.6801577149,126.7917848683,695,,,,,,2015-06-30,경기도 고양시 일산동구청,031-8075-6263,2019-04-27
41285-00076,소나무(풍동),어린이공원,경기도 고양시 일산동구 풍동 1287,경기도 고양시 일산동구 풍동 1287,37.66460357,126.7978211801,6601,체력단련시설+운동장,조합놀이대+그네+흔들놀이기구(흔들말+시소)+회전놀이기구,화장실,,,2000-10-18,경기도 고양시 일산동구청,031-8075-6263,2019-04-27
41287-00008,성저,근린공원,경기도 고양시 일산서구 대화동 2104,경기도 고양시 일산서구 대화동 2104,37.6812482325,126.7554105041,50334,다목적운동장+체력단련시설,,,,,1991-06-29,경기도 고양시 푸른도시사업소,031-8075-4320,2019-04-27
41285-00043,수정,어린이공원,경기도 고양시 일산동구 정발산동 1329,경기도 고양시 일산동구 정발산동 1329,37.6683626253,126.7786195083,3512,체력단련시설+운동장(농구대),조합놀이대+그네+흔들놀이기구(흔들말)+기타(울림통),화장실,,,1991-06-29,경기도 고양시 일산동구청,031-8075-6263,2019-04-27
41285-00060,소개울(일산2-1),근린공원,경기도 고양시 일산동구 중산동 1716,경기도 고양시 일산동구 중산동 1716,37.6830653553,126.7824535899,50030,체력단련시설,,,,,2002-01-05,경기도 고양시 푸른도시사업소,031-8075-4320,2019-04-27
41287-00003,송포,근린공원,경기도 고양시 일산서구 대화동 1495-1,경기도 고양시 일산서구 대화동 1495-1,37.67021462,126.7300816,8968,족구장+체력단련시설,,,,,2001-06-22,경기도 고양시 푸른도시사업소,031-8075-4320,2019-04-27
41285-00032,수변공원,근린공원,경기도 고양시 일산동구 장항동 1097,경기도 고양시 일산동구 장항동 1097,37.65918907,126.7556322,81511,,,,,,2005-04-21,경기도 고양시 푸른도시사업소,031-8075-4320,2019-04-27
41281-00095,화정 10(달빛어린이),어린이공원,경기도 고양시 덕양구 어울림로 32,경기도 고양시 덕양구 화정동 857,37.6478475668,126.8343539751,5003,,조합놀이대 등,화장실,,,1990-11-04,경기도 고양시 덕양구청,031-8075-5265,2019-04-27
41287-00056,숯고개,근린공원,경기도 고양시 일산서구 산현로 33,경기도 고양시 일산서구 탄현동 1580,37.6907100563,126.7649935332,10027,다목적운동장+체력단련시설,조합놀이대 등 3종 5개,,,,1997-01-21,경기도 고양시 푸른도시사업소,031-8075-4320,2019-04-27
41285-00031,식사어린이1(상상),어린이공원,경기도 고양시 일산동구 위시티로 18,경기도 고양시 일산동구 식사동 1588,37.6745623375,126.8075158827,2605,,조합놀이대+흔들놀이기구,,,,2005-08-24,경기도 고양시 일산동구청,031-8075-6263,2019-04-27
41285-00024,식사어린이2(식사숲속),어린이공원,경기도 고양시 일산동구 식사동 304-5,경기도 고양시 일산동구 식사동 304-5,37.6826535530,126.8167374,2605,,기타+조합놀이대+오르는기구+그네+흔들놀이기구,,,,2005-08-24,경기도 고양시 일산동구청,031-8075-6263,2019-04-27
41285-00026,식사어린이3(바람놀이),어린이공원,경기도 고양시 일산동구 식사동 690-1,경기도 고양시 일산동구 식사동 690-1,37.6815781701,126.8092355,2600,,조합놀이대+그네+흔들놀이기구+미끄럼틀,,,,2005-08-24,경기도 고양시 일산동구청,031-8075-6263,2019-04-27
41285-00025,식사어린이4(과학),어린이공원,경기도 고양시 일산동구 식사동 341-1,경기도 고양시 일산동구 식사동 341-1,37.6803245255,126.8153149,2600,,흔들놀이기구+기타,,,,2005-08-24,경기도 고양시 일산동구청,031-8075-6263,2019-04-27
41285-00027,식사어린이5(올림푸스놀이),어린이공원,경기도 고양시 일산동구 식사동 164-8,경기도 고양시 일산동구 식사동 164-8,37.6830074975,126.8224274,5210,,조합놀이대+건너는기구+흔들놀이기구+미끄럼틀,화장실,,,2005-08-24,경기도 고양시 일산동구청,031-8075-6263,2019-04-27
41285-00029,식사어린이6(저현),어린이공원,경기도 고양시 일산동구 식사동 산102,경기도 고양시 일산동구 식사동 산102,37.6718020059,126.8118225,2600,,조합놀이대+그네+흔들놀이기구+미끄럼틀,,,,2005-08-24,경기도 고양시 일산동구청,031-8075-6263,2019-04-27
41285-00072,식골,근린공원,경기도 고양시 일산동구 숲속마을로 108,경기도 고양시 일산동구 풍동 1257,37.6702204550,126.7951722473,51111,실내배드민턴장+게이트볼장+체력단련시설,,주차장+화장실,,,2001-05-03,경기도 고양시 푸른도시사업소,031-8075-4320,2019-04-27
41285-00010,안골,어린이공원,경기도 고양시 일산동구 강송로225번길 51,경기도 고양시 일산동구 마두동 992,37.6574720368,126.7784664860,5495,체력단련시설,조합놀이대+그네+흔들놀이기구(흔들말+시소)+오르는기구(정글짐),,,,1990-03-31,경기도 고양시 일산동구청,031-8075-6263,2019-04-27
41285-00022,식사(은행마을공원),근린공원,경기도 고양시 일산동구 식사동 1475,경기도 고양시 일산동구 식사동 1475,37.6703037567,126.8063409,10000,체력단련시설,,화장실,,,2001-06-22,경기도 고양시 푸른도시사업소,031-8075-4320,2019-04-27
41285-00023,식사근린1(어침이),근린공원,경기도 고양시 일산동구 식사동 산157-7,경기도 고양시 일산동구 식사동 산157-7,37.6852744305,126.8117427890,25004,실내다목적체육관+체력단련시설,그네+시소+조합놀이대+흔들말,화장실,,,2005-08-24,경기도 고양시 푸른도시사업소,031-8075-4320,2019-04-27
41285-00066,어린이공원(약산마을),어린이공원,경기도 고양시 일산동구 약산길 28-4,경기도 고양시 일산동구 중산동 25-11,37.6813167347,126.7930150304,6145,,,,,,2015-06-30,경기도 고양시 일산동구청,031-8075-6263,2019-04-27
41285-00019,용천,어린이공원,경기도 고양시 일산동구 백석동 1348,경기도 고양시 일산동구 백석동 1348,37.6422862437,126.7833166084,4255,체력단련시설+운동장(농구대),조합놀이대+그네+흔들놀이기구(흔들말+시소),화장실,,,1990-03-31,경기도 고양시 일산동구청,031-8075-6263,2019-04-27
41285-00074,이팝나무,어린이공원,경기도 고양시 일산동구 풍동 1262,경기도 고양시 일산동구 풍동 1262,37.67010435,126.8006536014,2012,체력단련시설 없음,조합놀이대+그네,,,,2000-10-18,경기도 고양시 일산동구청,031-8075-6263,2019-04-27
41285-00028,식사근린2(식사중앙),근린공원,경기도 고양시 일산동구 식사동 산122-18,경기도 고양시 일산동구 식사동 산122-18,37.67810037,126.8141527,31586,체력단련시설,그네+시소+조합놀이대+흔들말,화장실,,,2005-08-24,경기도 고양시 푸른도시사업소,031-8075-4320,2019-04-27
41285-00045,장항,어린이공원,경기도 고양시 일산동구 정발산동 812,경기도 고양시 일산동구 정발산동 812,37.6663767983,126.7755246628,2326,,조합놀이대+그네+흔들놀이기구(흔들말+시소),화장실,,,1991-06-29,경기도 고양시 일산동구청,031-8075-6263,2019-04-27
41285-00030,식사근린3(방아고개),근린공원,경기도 고양시 일산동구 식사동 산105,경기도 고양시 일산동구 식사동 산105,37.674521,126.8121759301,15220,야외배드민턴장+체력단련시설,,화장실,,,2005-08-24,경기도 고양시 푸른도시사업소,031-8075-4320,2019-04-27
41285-00048,중산 1(중산마루),어린이공원,경기도 고양시 일산동구 중산동 1555-1,경기도 고양시 일산동구 중산동 1555-1,37.6974625856,126.7806215430,1600,체력단련시설,조합놀이대+그네+흔들놀이기구(흔들말),,,,1992-02-28,경기도 고양시 일산동구청,031-8075-6263,2019-04-27
41285-00049,중산 2(중산안골),어린이공원,경기도 고양시 일산동구 중산동 1556-1,경기도 고양시 일산동구 중산동 1556-1,37.6950135059,126.779311,1600,체력단련시설,조합놀이대+흔들놀이기구(흔들말+시소),,,,1992-02-28,경기도 고양시 일산동구청,031-8075-6263,2019-04-27
41285-00047,중산 3(중산테미어린이),어린이공원,경기도 고양시 일산동구 중산동 1554-3,경기도 고양시 일산동구 중산동 1554-3,37.6933041980,126.7825232677,1600,체력단련시설,조합놀이대+흔들놀이기구(흔들말+시소),,,,1992-02-28,경기도 고양시 일산동구청,031-8075-6263,2019-04-27
41285-00054,중산 4(중산오름),어린이공원,경기도 고양시 일산동구 중산동 1575-1,경기도 고양시 일산동구 중산동 1575-1,37.6930327423,126.7827654,1600,,조합놀이대+그네+흔들놀이기구(흔들말),화장실,,,1992-02-28,경기도 고양시 일산동구청,031-8075-6263,2019-04-27
41285-00052,중산 5(중산안학),어린이공원,경기도 고양시 일산동구 중산동 1573-2,경기도 고양시 일산동구 중산동 1573-2,37.6916078466,126.7816180496,1600,,조합놀이대+그네+흔들놀이기구(흔들말+시소)+회전놀이기구,,,,1992-02-28,경기도 고양시 일산동구청,031-8075-6263,2019-04-27
41285-00051,중산 6(중산더부골),어린이공원,경기도 고양시 일산동구 중산동 1566-1,경기도 고양시 일산동구 중산동 1566-1,37.6887280359,126.7789272810,1600,체력단련시설,조합놀이대+그네+흔들놀이기구(흔들말+시소),,,,1992-02-28,경기도 고양시 일산동구청,031-8075-6263,2019-04-27
41285-00053,중산 7(중산어린이),어린이공원,경기도 고양시 일산동구 중산동 1574-1,경기도 고양시 일산동구 중산동 1574-1,37.6890080509,126.7818311612,1600,체력단련시설,조합놀이대+흔들놀이기구(흔들말+시소)+회전놀이기구,,,,1992-02-28,경기도 고양시 일산동구청,031-8075-6263,2019-04-27
41285-00055,중산 8(중산삼애),어린이공원,경기도 고양시 일산동구 중산동 1575-5,경기도 고양시 일산동구 중산동 1575-5,37.6879348511,126.7828258,1600,체력단련시설,조합놀이대+그네+흔들놀이기구(흔들말),,,,1992-02-28,경기도 고양시 일산동구청,031-8075-6263,2019-04-27
41285-00056,중산 9(중산추만),어린이공원,경기도 고양시 일산동구 중산로157번길 12,경기도 고양시 일산동구 중산동 1600,37.6857660463,126.7802280362,1963,체력단련시설,조합놀이대+그네+흔들놀이기구(흔들말+시소),화장실,,,1992-02-28,경기도 고양시 일산동구청,031-8075-6263,2019-04-27
41285-00059,안곡습지,수변공원,경기도 고양시 일산동구 중산동 1712,경기도 고양시 일산동구 중산동 1712,37.6849463077,126.7841166332,77829,,,화장실,,,2002-01-05,경기도 고양시 푸른도시사업소,031-8075-4320,2019-04-27
41285-00014,안산공원,문화공원,경기도 고양시 일산동구 백석동 1195,경기도 고양시 일산동구 백석동 1195,37.6467634463,126.7840125,8437,체력단련시설,,화장실,,,2018-10-19,경기도 고양시 푸른도시사업소,031-8075-4320,2019-04-27
41285-00077,참나무(풍동),어린이공원,경기도 고양시 일산동구 풍동 1299,경기도 고양시 일산동구 풍동 1299,37.6659478147,126.8006283,1630,체력단련시설,조합놀이대,화장실,,,2000-10-18,경기도 고양시 일산동구청,031-8075-6263,2019-04-27
41285-00011,청천,어린이공원,경기도 고양시 일산동구 백석동 1137,경기도 고양시 일산동구 백석동 1137,37.6527284093,126.794239,6299,체력단련시설+운동장(농구대),조합놀이대+그네+흔들놀이기구(흔들말+시소),화장실,,,1990-03-31,경기도 고양시 일산동구청,031-8075-6263,2019-04-27
41285-00068,파란,소공원,경기도 고양시 일산동구 중산동 중산동 1853,경기도 고양시 일산동구 중산동 1853,37.67932122,126.7904558553,1007,,,,,,2015-06-30,경기도 고양시 일산동구청,031-8075-6263,2019-04-27
41285-00079,풍동,어린이공원,경기도 고양시 일산동구 풍동 800,경기도 고양시 일산동구 풍동 800,37.6630627290,126.795706,1659,체력단련시설,,,,,2001-12-31,경기도 고양시 일산동구청,031-8075-6263,2019-04-27
41285-00020,알미,근린공원,경기도 고양시 일산동구 백석동 1350,경기도 고양시 일산동구 백석동 1350,37.6459964212,126.7831267142,15507,체력단련시설,,화장실,야외음악당,,1991-06-29,경기도 고양시 푸른도시사업소,031-8075-4320,2019-04-27
41281-00096,달빛,근린공원,경기도 고양시 덕양구 화정동 859,경기도 고양시 덕양구 화정동 859,37.6453069167,126.8310394,16844,다목적운동장+체력단련시설,,,,,1991-12-31,경기도 고양시 푸른도시사업소,031-8075-4320,2019-04-27
41285-00064,하늘별무리(일산2-7),어린이공원,경기도 고양시 일산동구 중산동 1803,경기도 고양시 일산동구 중산동 1803,37.6766595621,126.7864298,1531,체력단련시설,조합놀이대+흔들놀이기구(흔들말+시소),,,,2002-01-05,경기도 고양시 일산동구청,031-8075-6263,2019-04-27
41285-00057,하늘자전거(일산2-6),어린이공원,경기도 고양시 일산동구 중산동 1685,경기도 고양시 일산동구 중산동 1685,37.67951849,126.7801211720,1521,체력단련시설+운동장(농구대),조합놀이대+흔들놀이기구(흔들말),,,,2002-01-05,경기도 고양시 일산동구청,031-8075-6263,2019-04-27
41285-00058,하늘장미(일산2-5),어린이공원,경기도 고양시 일산동구 중산동 1702,경기도 고양시 일산동구 중산동 1702,37.68051807,126.7846273,1500,체력단련시설,조합놀이대+흔들놀이기구(흔들말+시소),화장실,,,2002-01-05,경기도 고양시 일산동구청,031-8075-6263,2019-04-27
41285-00021,향나무,어린이공원,경기도 고양시 일산동구 호수로430번길 29-14,경기도 고양시 일산동구 백석동 1437,37.6445730749,126.7801183089,3576,체력단련시설,조합놀이대+그네+흔들놀이기구(흔들말),화장실,,,1990-03-31,경기도 고양시 일산동구청,031-8075-6263,2019-04-27
41281-00097,꽃물,근린공원,경기도 고양시 덕양구 화중로151번길 56,경기도 고양시 덕양구 화정동 867,37.6410509507,126.8295740855,15472,다목적운동장+체력단련시설,,,,,1991-12-31,경기도 고양시 푸른도시사업소,031-8075-4320,2019-04-27
41281-00098,화정 12(진달래),어린이공원,경기도 고양시 덕양구 화수로 40,경기도 고양시 덕양구 화정동 869,37.6441354401,126.8342987663,6374,,조합놀이대 등,화장실,,,1990-11-04,경기도 고양시 덕양구청,031-8075-5265,2019-04-27
41281-00099,은빛,근린공원,경기도 고양시 덕양구 은빛로77번길 14,경기도 고양시 덕양구 화정동 872,37.6381383196,126.8367593346,41089,다목적운동장+파크골프장+게이트볼장+체력단련시설,,,,,1991-12-31,경기도 고양시 푸른도시사업소,031-8075-4320,2019-04-27
41281-00100,화정 13(개나리),어린이공원,경기도 고양시 덕양구 화중로138번길 41,경기도 고양시 덕양구 화정동 890,37.63927225,126.8347402239,2417,,조합놀이대 등,화장실,,,1990-11-04,경기도 고양시 덕양구청,031-8075-5265,2019-04-27
41281-00101,화정 14(용정),어린이공원,경기도 고양시 덕양구 은빛로29번길 31-17,경기도 고양시 덕양구 화정동 921,37.6395388498,126.8306516300,4274,,조합놀이대 등,화장실,,,1990-11-04,경기도 고양시 덕양구청,031-8075-5265,2019-04-27
41285-00033,일산문화공원,근린공원,경기도 고양시 일산동구 장항동 845,경기도 고양시 일산동구 장항동 845,37.65840856,126.7706280026,59048,,,화장실,,,2008-10-31,경기도 고양시 푸른도시사업소,031-8075-4320,2019-04-27
41281-00102,화정 15(민들레),어린이공원,경기도 고양시 덕양구 화정동 937,경기도 고양시 덕양구 화정동 937,37.6366146466,126.8275116038,5991,,조합놀이대 등,,,,1990-11-04,경기도 고양시 덕양구청,031-8075-5265,2019-04-27
41287-00009,가와지,어린이공원,경기도 고양시 일산서구 일산로695번길 47,경기도 고양시 일산서구 대화동 2113,37.6798904617,126.7557898,1994,조합놀이대+그네+흔들놀이대+철봉,,,,,1991-06-29,경기도 고양시 일산서구청,031-8075-7263,2019-04-27
41287-00015,강서,어린이공원,경기도 고양시 일산서구 호수로838번길 55-7,경기도 고양시 일산서구 대화동 2265,37.6721963397,126.7507290033,3217,조합놀이대+정글짐+시소+흔들놀이대,화장실,,,,1991-06-29,경기도 고양시 일산서구청,031-8075-7263,2019-04-27
41287-00044,강재,어린이공원,경기도 고양시 일산서구 강성로 126,경기도 고양시 일산서구 주엽동 52,37.67254864,126.7633732241,4000,조합놀이대+그네+시소+흔들놀이대,화장실,,,,1991-06-29,경기도 고양시 일산서구청,031-8075-7263,2019-04-27
41287-00014,장촌,근린공원,경기도 고양시 일산서구 중앙로 1525,경기도 고양시 일산서구 대화동 2241,37.6740215604,126.7515072999,16574,체력단련시설,,,,,1991-06-29,경기도 고양시 푸른도시사업소,031-8075-4320,2019-04-27
41287-00045,궁골,어린이공원,경기도 고양시 일산서구 주엽동 55,경기도 고양시 일산서구 주엽동 55,37.6698420304,126.7686318,6901,조합놀이대+정글짐+그네+흔들놀이대,화장실,,,,1991-06-29,경기도 고양시 일산서구청,031-8075-7263,2019-04-27
41287-00013,김서,어린이공원,경기도 고양시 일산서구 대화동 2235,경기도 고양시 일산서구 대화동 2235,37.6736370681,126.7460472317,3002,조합놀이대,,,,,1991-06-29,경기도 고양시 일산서구청,031-8075-7263,2019-04-27
41285-00006,정발산,근린공원,경기도 고양시 일산동구 마두동 819,경기도 고양시 일산동구 마두동 819,37.6632492986,126.7805194077,644650,축구장+실내배드민턴장+배구장+씨름장+농구장+체력단련장,,,,,1991-06-29,경기도 고양시 푸른도시사업소,031-8075-4320,2019-04-27
41287-00026,덕이어린이1(샘물),어린이공원,경기도 고양시 일산서구 하이파크로 113-1,경기도 고양시 일산서구 덕이동 1525,37.7037187597,126.7520114699,2877,조합놀이대+흔들놀이대,화장실,,,,2006-01-31,경기도 고양시 일산서구청,031-8075-7263,2019-04-27
41287-00032,덕이어린이2(아지랑이),어린이공원,경기도 고양시 일산서구 덕이동 산142-4,경기도 고양시 일산서구 덕이동 산142-4,37.6994138052,126.7524692090,2281,조합놀이대+흔들놀이대,,,,,2006-01-31,경기도 고양시 일산서구청,031-8075-7263,2019-04-27
41287-00039,주엽,근린공원,경기도 고양시 일산서구 주엽동 118,경기도 고양시 일산서구 주엽동 118,37.66760303,126.7595167018,19614,체력단련시설,,,,,1991-06-29,경기도 고양시 푸른도시사업소,031-8075-4320,2019-04-27
41287-00031,덕이어린이3(잎새),어린이공원,경기도 고양시 일산서구 덕이동 582-2,경기도 고양시 일산서구 덕이동 582-2,37.69862649,126.7524285,3059,조합놀이대+흔들놀이대,,,,,2006-01-31,경기도 고양시 일산서구청,031-8075-7263,2019-04-27
41285-00050,중산체육공원,체육공원,경기도 고양시 일산동구 중산로 217,경기도 고양시 일산동구 중산동 1565,37.69157053,126.7798981789,82114,체력단련시설,,주차장+화장실,,,1995-12-31,경기도 고양시 푸른도시사업소,031-8075-4320,2019-04-27
41285-00046,중산태미(중산4),근린공원,경기도 고양시 일산동구 중산동 1553,경기도 고양시 일산동구 중산동 1553,37.69821033,126.7830000689,13411,체력단련시설,,,,,1992-02-28,경기도 고양시 푸른도시사업소,031-8075-4320,2019-04-27
41281-00103,별빛,근린공원,경기도 고양시 덕양구 화정동 943,경기도 고양시 덕양구 화정동 943,37.6325747793,126.8253704586,17694,테니스장+게이트볼장+체력단련시설,,,,,1991-12-31,경기도 고양시 푸른도시사업소,031-8075-4320,2019-04-27
41281-00104,화정 18(꽃우물어린이),어린이공원,경기도 고양시 덕양구 중앙로 646,경기도 고양시 덕양구 화정동 949,37.6286571803,126.8272143596,3960,,조합놀이대 등,화장실,,,1990-11-04,경기도 고양시 덕양구청,031-8075-5265,2019-04-27
41287-00024,킨텍스2단계(킨텍스온누리),근린공원,경기도 고양시 일산서구 대화동 2721,경기도 고양시 일산서구 대화동 2721,37.6650383876,126.7467749165,17287,,,,,,2007-07-13,경기도 고양시 푸른도시사업소,031-8075-4320,2019-04-27
41287-00025,킨텍스수변공원(국제전시2단계),수변공원,경기도 고양시 일산서구 대화동 2725,경기도 고양시 일산서구 대화동 2725,37.66204561,126.7394241396,12483,,,,,,2007-07-13,경기도 고양시 푸른도시사업소,031-8075-4320,2019-04-27
41287-00060,탄현,근린공원,경기도 고양시 일산서구 탄현동 산16,경기도 고양시 일산서구 탄현동 산16,37.69984424,126.7753746,411421,족구장+배드민턴장+체력단련시설,,,,,1974-05-16,경기도 고양시 푸른도시사업소,031-8075-4320,2019-04-27
41285-00078,풍동(풍식사2),문화공원,경기도 고양시 일산동구 풍동 184,경기도 고양시 일산동구 풍동 184,37.6645063872,126.8035678,4165,야외배드민턴장,,,,,2002-02-18,경기도 고양시 푸른도시사업소,031-8075-4320,2019-04-27
41285-00062,하늘(일산2-3),근린공원,경기도 고양시 일산동구 중산동 1795,경기도 고양시 일산동구 중산동 1795,37.67762762,126.7855199,9895,농구장+야외배드민턴장+다목적운동장+체력단련시설,,,,,2002-01-05,경기도 고양시 푸른도시사업소,031-8075-4320,2019-04-27
41287-00037,한뫼,근린공원,경기도 고양시 일산서구 탄중로 284,경기도 고양시 일산서구 일산동 1558,37.6935574263,126.7762593235,27167,체력단련시설,,,,,1991-05-31,경기도 고양시 푸른도시사업소,031-8075-4320,2019-04-27
41287-00030,덕이어린이4(한별),어린이공원,경기도 고양시 일산서구 덕이동 374-12,경기도 고양시 일산서구 덕이동 374-12,37.69812349,126.7531558,2748,조합놀이대+흔들놀이대,,,,,2006-01-31,경기도 고양시 일산서구청,031-8075-7263,2019-04-27
41281-00105,꽃우물,근린공원,경기도 고양시 덕양구 화정동 950,경기도 고양시 덕양구 화정동 950,37.6282376806,126.8278501,12881,체력단련시설,,,,,1991-12-31,경기도 고양시 푸른도시사업소,031-8075-4320,2019-04-27
41281-00106,화정 17(별빛어린이),어린이공원,경기도 고양시 덕양구 화중로 61,경기도 고양시 덕양구 화정동 954,37.6329951,126.8296878601,5016,,조합놀이대 등,화장실,,,1990-11-04,경기도 고양시 덕양구청,031-8075-5265,2019-04-27
41281-00106,화정 16(배꽃),어린이공원,경기도 고양시 덕양구 백양로 126,경기도 고양시 덕양구 화정동 961,37.6366839096,126.8353032596,5146,,조합놀이대 등,,,,1990-11-04,경기도 고양시 덕양구청,031-8075-5265,2019-04-27
41287-00033,도화,어린이공원,경기도 고양시 일산서구 일산로 604,경기도 고양시 일산서구 일산동 1043,37.6822966424,126.7622448896,4999,조합놀이대+정글짐+시소+흔들놀이대,화장실,,,,1991-06-29,경기도 고양시 일산서구청,031-8075-7263,2019-04-27
41287-00038,문촌,어린이공원,경기도 고양시 일산서구 주엽동 10,경기도 고양시 일산서구 주엽동 10,37.6749088395,126.7582385549,4901,조합놀이대+그네+흔들놀이대,화장실,,,,1991-06-29,경기도 고양시 일산서구청,031-8075-7263,2019-04-27
41287-00040,백암,어린이공원,경기도 고양시 일산서구 주엽로 107,경기도 고양시 일산서구 주엽동 130,37.6695498829,126.7553261068,7875,조합놀이대+그네+흔들놀이대,화장실,,,,1991-06-29,경기도 고양시 일산서구청,031-8075-7263,2019-04-27
41287-00005,새말,어린이공원,경기도 고양시 일산서구 대화동 2008,경기도 고양시 일산서구 대화동 2008,37.6843047525,126.7580531641,3987,조합놀이대+그네+시소,,,,,1991-06-29,경기도 고양시 일산서구청,031-8075-7263,2019-04-27
41287-00012,양촌,어린이공원,경기도 고양시 일산서구 대화동 2211,경기도 고양시 일산서구 대화동 2211,37.6782279849,126.7491532,6555,조합놀이대+그네+흔들놀이대,화장실,,,,1991-06-29,경기도 고양시 일산서구청,031-8075-7263,2019-04-27
41287-00004,호미걸이,근린공원,경기도 고양시 일산서구 대화동 1653-6,경기도 고양시 일산서구 대화동 1653-6,37.6721380628,126.7340422156,10111,체력단련시설,조합놀이대 등 3종 5개,,,,2001-06-22,경기도 고양시 푸른도시사업소,031-8075-4320,2019-04-27
41287-00041,오거리,어린이공원,경기도 고양시 일산서구 주엽동 34,경기도 고양시 일산서구 주엽동 34,37.6762656711,126.7647349,4001,조합놀이대+그네+시소+흔들놀이대,화장실,,,,1995-12-26,경기도 고양시 일산서구청,031-8075-7263,2019-04-27
41285-00036,호수,근린공원,경기도 고양시 일산동구 노루목로 10,경기도 고양시 일산동구 장항동 903,37.6494729947,126.7680833384,73767,체력단련시설,,,,,1991-06-29,경기도 고양시 푸른도시사업소,031-8075-4320,2019-04-27
41287-00042,오마,어린이공원,경기도 고양시 일산서구 주엽동 34,경기도 고양시 일산서구 주엽동 34,37.6762656711,126.7647349,5700,체력단련시설,화장실,,,,1991-06-29,경기도 고양시 일산서구청,031-8075-7263,2019-04-27
41285-00037,호수,근린공원,경기도 고양시 일산동구 장항동 905,경기도 고양시 일산동구 장항동 905,37.6507055669,126.7696004872,107849,체력단련시설,,,,,1991-06-29,경기도 고양시 푸른도시사업소,031-8075-4320,2019-04-27
41287-00007,왕산,어린이공원,경기도 고양시 일산서구 대화동 2092,경기도 고양시 일산서구 대화동 2092,37.6819313542,126.7515212,4326,체력단련시설,화장실,,,,1991-06-29,경기도 고양시 일산서구청,031-8075-7263,2019-04-27
41287-00034,윗말,어린이공원,경기도 고양시 일산서구 일산동 1095,경기도 고양시 일산서구 일산동 1095,37.6772234414,126.7736303,6400,조합놀이대+그네+시소+흔들놀이대+회전놀이대,화장실,,,,1991-06-29,경기도 고양시 일산서구청,031-8075-7263,2019-04-27
41287-00043,이물재,어린이공원,경기도 고양시 일산서구 주엽동 39,경기도 고양시 일산서구 주엽동 39,37.6736035356,126.771125,5701,조합놀이대+정글짐+그네+흔들놀이대,화장실,,,,1995-12-26,경기도 고양시 일산서구청,031-8075-7263,2019-04-27
41287-00010,장성,어린이공원,경기도 고양시 일산서구 강성로214번길 41-10,경기도 고양시 일산서구 대화동 2166,37.6767979476,126.7538503,4798,조합놀이대+그네+흔들놀이대+철봉+평행봉,화장실,,,,1991-06-29,경기도 고양시 일산서구청,031-8075-7263,2019-04-27
41287-00036,중산 10(한뫼),어린이공원,경기도 고양시 일산서구 일산동 1557-1,경기도 고양시 일산서구 일산동 1557-1,37.6943630014,126.7771038,4962,조합놀이대+흔들놀이대,,,,,1992-02-28,경기도 고양시 일산동구청,031-8075-6263,2019-04-27
41287-00050,탄현 1(황룡),어린이공원,경기도 고양시 일산서구 탄현로 73,경기도 고양시 일산서구 탄현동 1475,37.6976630049,126.7673758,1500,조합놀이대+그네+시소,화장실,,,,1990-12-19,경기도 고양시 일산서구청,031-8075-7263,2019-04-27
41285-00038,호수,근린공원,경기도 고양시 일산동구 장항동 906,경기도 고양시 일산동구 장항동 906,37.6580245906,126.7640919251,851730,체력단련시설+게이트볼장+농구장,조합놀이대+그네+시소+흔들말,화장실,생태교육학습센터,,1995-12-26,경기도 고양시 푸른도시사업소,031-8075-4320,2019-04-27
41281-00107,화정중앙,근린공원,경기도 고양시 덕양구 화정동 985,경기도 고양시 덕양구 화정동 985,37.63130415,126.8319324,12215,체력단련시설,,,,,1991-12-31,경기도 고양시 푸른도시사업소,031-8075-4320,2019-04-27
41287-00055,탄현 2(황룡산),어린이공원,경기도 고양시 일산서구 탄현동 1554,경기도 고양시 일산서구 탄현동 1554,37.6975769648,126.7714250699,1811,조합놀이대+흔들놀이대+암벽오르기,,,,,1990-12-19,경기도 고양시 일산서구청,031-8075-7263,2019-04-27
41287-00051,탄현 3(현중),어린이공원,경기도 고양시 일산서구 현중로 56,경기도 고양시 일산서구 탄현동 1478,37.6955911618,126.7675315760,1500,조합놀이대+그네+흔들놀이대,화장실,,,,1990-12-19,경기도 고양시 일산서구청,031-8075-7263,2019-04-27
41287-00052,탄현 4(숯고개),어린이공원,경기도 고양시 일산서구 탄현동 1486,경기도 고양시 일산서구 탄현동 1486,37.6938211650,126.7662094,1500,조합놀이대+흔들놀이대+놀이집,화장실,,,,1990-12-19,경기도 고양시 일산서구청,031-8075-7263,2019-04-27
41287-00053,탄현 5(탄현),어린이공원,경기도 고양시 일산서구 탄현동 1495,경기도 고양시 일산서구 탄현동 1495,37.6939077703,126.7689251118,1501,조합놀이대+그네+흔들놀이대,화장실,,,,1990-12-19,경기도 고양시 일산서구청,031-8075-7263,2019-04-27
41287-00054,탄현 6(탄중),어린이공원,경기도 고양시 일산서구 탄중로233번길 16,경기도 고양시 일산서구 탄현동 1501,37.6942320374,126.7709826848,1494,조합놀이대+그네+흔들놀이대+철봉,화장실,,,,1990-12-19,경기도 고양시 일산서구청,031-8075-7263,2019-04-27
41287-00057,탄현일단의주택지168(탄현용현),어린이공원,경기도 고양시 일산서구 탄현동 1634-1,경기도 고양시 일산서구 탄현동 1634-1,37.7034858908,126.7645055009,2303,조합놀이대+그네+시소+흔들놀이대,,,,,2006-10-02,경기도 고양시 일산서구청,031-8075-7263,2019-04-27
41287-00058,탄현일단의주택지169(탄현호곡),어린이공원,경기도 고양시 일산서구 탄현동 1634-2,경기도 고양시 일산서구 탄현동 1634-2,37.7021424112,126.7662060798,1657,시소+흔들놀이대,,,,,2006-10-02,경기도 고양시 일산서구청,031-8075-7263,2019-04-27
41287-00059,탄현주상복합(숯고개향나무),어린이공원,경기도 고양시 일산서구 탄현동 173-3,경기도 고양시 일산서구 탄현동 173-3,37.69335193,126.7635462,4733,조합놀이대+흔들놀이대+놀이집,,,,,2009-01-16,경기도 고양시 일산서구청,031-8075-7263,2019-04-27
41281-00108,옥빛,근린공원,경기도 고양시 덕양구 화정동 989,경기도 고양시 덕양구 화정동 989,37.6332089533,126.8361768,22371,다목적운동장+체력단련시설,,,,,1991-12-31,경기도 고양시 푸른도시사업소,031-8075-4320,2019-04-27
41287-00049,탄현주상복합(탄현통나무),어린이공원,경기도 고양시 일산서구 탄현동 142-54,경기도 고양시 일산서구 탄현동 142-54,37.69510097,126.7641302,3489,조합놀이대+그네,,,,,2012-06-29,경기도 고양시 일산서구청,031-8075-7263,2019-04-27
41287-00006,토성,어린이공원,경기도 고양시 일산서구 성저로50번길 23,경기도 고양시 일산서구 대화동 2065,37.68417826,126.7541354378,3659,조합놀이대+그네+시소+흔들놀이대,,,,,1991-06-29,경기도 고양시 일산서구청,031-8075-7263,2019-04-27
41287-00048,회화,어린이공원,경기도 고양시 일산서구 주엽동 91,경기도 고양시 일산서구 주엽동 91,37.6655778575,126.7636128840,3803,조합놀이대+정글짐+시소+흔들놀이대,화장실,,,,1991-06-29,경기도 고양시 일산서구청,031-8075-7263,2019-04-27
41287-00035,후동,근린공원,경기도 고양시 일산서구 일산동 1400,경기도 고양시 일산서구 일산동 1400,37.67981923,126.7679087,19195,체력단련시설,,,,,1995-03-27,경기도 고양시 푸른도시사업소,031-8075-4320,2019-04-27
